Flow,Element,Context,English,Thai
Welcome,label,welcome_message,Welcome to\nCryptoplat !,ยินดีต้อนรับสู่\nCryptoplat !
Welcome,button,login,Log in,เข้าสู่ระบบ
Welcome,button,create_account,Create Account,สร้างบัญชีใหม่
Welcome,label,minimum_requirement,We support Safari version 11 and above.\nChrome version 53 and above for KYC.,รองรับ Safari เวอร์ชัน 11 หรือสูงกว่า\nChrome เวอร์ชัน 53 หรือสูงกว่า เพื่อการทำ KYC
Auth,label,email_field,Email,อีเมล์
Auth,placeholder,email_field,Email,อีเมล์
Auth,label,mobile_no_field,Mobile Number,เบอร์โทรศัพท์
Auth,placeholder,mobile_no_field,Mobile Number,เบอร์โทรศัพท์
Auth,label,not_us_citizen,I am not a U.S. citizen and considered a ‘non-resident for tax purposes’.,I am not a U.S. citizen and considered a ‘non-resident for tax purposes’.
Auth,label,agree_with_term_and_privacy,I agree with this terms & conditions  and Privacy Policy / AML & CTPF Policy agreements.,I agree with this terms & conditions  and Privacy Policy / AML & CTPF Policy agreements.
Auth,label,receive_marketing_news,"I would like to receive marketing news, promotions, and any other information from Crypto and its affiliates.","I would like to receive marketing news, promotions, and any other information from Crypto and its affiliates."
Auth,label,password_field,Password,Password
Auth,label,forgot_password,Forgot Password,Forgot Password
Auth,button,login,Login,Login
Auth,label,do_not_have_account_yet,Don’t have an account yet?,Don’t have an account yet?
Auth,label,create_account,Create Account,Create Account
Auth,label,page_title_forgot_password,Forgot Password,Forgot Password
Auth,label,page_desc_forgot_password,Please enter your email and we will send you a link to reset your password.,Please enter your email and we will send you a link to reset your password.
Auth,button,reset_my_password,Reset My Password,Reset My Password
Auth,label,forgot_password_success_title,We just sent a password reset link to your email,We just sent a password reset link to your email
Auth,label,forgot_password_success_desc,"To change your password, please press the link sent to","To change your password, please press the link sent to"
General,button,next,Next,ต่อไป
General,button,confirm,Confirm,ยืนยัน
General,button,sending,Sending ...,กำลังดำเนินการ ...
Create Account,label,email_field,Email,อีเมล์
Create Account,placeholder,email_field,Email,อีเมล์
Create Account,label,mobile_no_field,Mobile Number,เบอร์โทรศัพท์
Create Account,label,agree_not_us_check,I am not a U.S. citizen and considered a ‘non-resident for tax purposes’.,I am not a U.S. citizen and considered a ‘non-resident for tax purposes’.
Create Account,label,agree_term_check,I am not a U.S. citizen and considered a ‘non-resident for tax purposes’.,I am not a U.S. citizen and considered a ‘non-resident for tax purposes’.
Create Account,label,agree_news_check,"I would like to receive marketing news, promotions, and any other information from Crypto and its affiliates.","I would like to receive marketing news, promotions, and any other information from Crypto and its affiliates."
Create Account,label,page_title,Create Account,Create Account
User Verification,label,page_title,User verification,User verification
User Verification,label,enter_email_otp_desc,Please enter the 6-digit code sent to,Please enter the 6-digit code sent to
User Verification,button,resend_email,Resend email,Resend email
User Verification,label,timer,( in %@ seconds ),( ภายใน %@ วินาที )
User Verification,label,enter_phone_otp_desc,Please enter the 6-digit code sent to,Please enter the 6-digit code sent to
User Verification,label,not_your_info,Not your Information?,Not your Information?
User Verification,label,change_info,Change Information,Change Information
User Verification,button,confirm,Confirm,Confirm
Create Password,label,page_title,Create Password,Create Password
Create Password,label,password_title,Password,Password
Create Password,placeholder,password_input,Password,Password
Create Password,label,confirm_password_title,Confirm Password,Confirm Password
Create Password,placeholder,confirm_password_input,Confirm Password,Confirm Password
Create Password,label,password_require_title,Password Require :,Password Require :
Create Password,label,password_require_8_char,Use at least 8 characters,Use at least 8 characters
Create Password,label,password_require_low_upper,Use at least 1 lowercase and 1 uppercase character,Use at least 1 lowercase and 1 uppercase character
Create Password,label,password_require_1_number,Use at least 1 number,Use at least 1 number
Create Password,label,password_require_special,Use at least 1 special character,Use at least 1 special character
Create Password,button,next,Next,Next
Set Pin,label,page_set_pin_title,Set Pin Number,Set Pin Number
Set Pin,label,page_set_pin_desc,Please set up your 6 digits PIN using for log in and confirm transaction,Please set up your 6 digits PIN using for log in and confirm transaction
Set Pin,label,pin_input_title,Please set up your new PIN,Please set up your new PIN
Set Pin,button,reset,Reset,Reset
Set Pin,button,next,Next,Next
Set Pin,label,page_confirm_pin_title,Confirm Pin Number,Confirm Pin Number
Set Pin,label,page_confirm_pin_desc,Please confirm your new PIN,Please confirm your new PIN
Set Pin,label,face_id_title,Enable Face ID / Touch ID,Enable Face ID / Touch ID
Set Pin,label,face_id_desc,Do you want to enable Face ID / Touch ID \nAuthentication?,Do you want to enable Face ID / Touch ID \nAuthentication?
Set Pin,button,yes,Yes,ใช่
Set Pin,button,no,No,ไม่
Create Account,label,success_title,Account created\nsuccessfully!,Account created\nsuccessfully!
Create Account,label,can_expore,You can now explore our site!,You can now explore our site!
Create Account,label,next_step,Next step:,Next step:
Create Account,label,can_trading,"To start trading, we need some \nfurther KYC verifications. ","To start trading, we need some \nfurther KYC verifications. "
Create Account,label,the_test,( The test will take around 10 minutes ),( The test will take around 10 minutes )
Create Account,button,verify,Verify Now,Verify Now
Create Account,button,later,I’ll do it later,I’ll do it later
eKYC Landing,label,subpage_title,"First, we need you to Follow these steps","First, we need you to Follow these steps"
eKYC Landing,label,subpage_desc,To start trading please complete these steps.,To start trading please complete these steps.
eKYC Landing,label,id_verify,Identity verification,Identity verification
eKYC Landing,label,suite_test,Suitability Test,Suitability Test
eKYC Landing,label,know_test,Knowledge Test,Knowledge Test
eKYC Landing,button,start,Start,Start
eKYC Landing,button,cancel,Cancel,Cancel
eKYC Citizen Select,label,page_title,Identity verification,Identity verification
eKYC Citizen Select,label,please,Please select your citizen type,Please select your citizen type
eKYC Citizen Select,label,thai,Thai citizen,Thai citizen
eKYC Citizen Select,label,foreigner,Foreigner,Foreigner
eKYC Citizen Select,button,next,Next,Next
eKYC Citizen Select,label,please_prepare_th,Please prepare the following :,Please prepare the following :
eKYC Citizen Select,label,idcard_title_th,Your ID card,Your ID card
eKYC Citizen Select,label,idcard_desc_th,You'll be required to take a photo of \nID card to identify your identity.,You'll be required to take a photo of \nID card to identify your identity.
eKYC Citizen Select,label,photo_title_th,Photo-ready environment,Photo-ready environment
eKYC Citizen Select,label,photo_desc_th,Please prepare a space with enough light \nto ensure you can take a photo easily,Please prepare a space with enough light \nto ensure you can take a photo easily
eKYC Citizen Select,label,personal_title_th,Personal information,Personal information
eKYC Citizen Select,label,personal_desc_th,Your personal information and your work \nplace information will be required.,Your personal information and your work \nplace information will be required.
eKYC Citizen Select,label,please_prepare_fr,Please prepare the following :,Please prepare the following :
eKYC Citizen Select,label,idcard_title_fr,Your Passport,Your Passport
eKYC Citizen Select,label,idcard_desc_fr,Please prepare your valid passport with at \nleast 3 to 6 months of remaining validity.,Please prepare your valid passport with at \nleast 3 to 6 months of remaining validity.
eKYC Citizen Select,label,photo_title_fr,Photo-ready environment,Photo-ready environment
eKYC Citizen Select,label,photo_desc_fr,Please prepare a space with enough light \nto ensure you can take a photo easily,Please prepare a space with enough light \nto ensure you can take a photo easily
eKYC Citizen Select,label,personal_title_fr,Personal information,Personal information
eKYC Citizen Select,label,personal_desc_fr,Your personal information and your work \nplace information will be required.,Your personal information and your work \nplace information will be required.
Work Permit,label,page_title,Personal Information,Personal Information
Work Permit,label,nationality,Nationality,Nationality
Work Permit,placeholder,selected_nationality,Select your nationality,Select your nationality
Work Permit,label,resident_status,Thailand Residential Status,Thailand Residential Status
Work Permit,option,resident,Resident,Resident
Work Permit,option,non_resident,Non-Resident,Non-Resident
Work Permit,label,date_of_birth,Date of Birth ( Day / Month / Year ),Date of Birth ( Day / Month / Year )
Work Permit,placeholder,date_of_birth,Date of Birth,Date of Birth
Work Permit,button,next,Next,Next
Work Permit,label,important,Important \n• Passport must have at least 3 months remaining validity. \n• Upload a photo of your work permit document issued by the government agency,Important \n• Passport must have at least 3 months remaining validity. \n• Upload a photo of your work permit document issued by the government agency
Work Permit,label,upload_work_permit,Upload a photo of your work permit document,Upload a photo of your work permit document
Work Permit,label,update_file_support,"PDF, JPG, and PNG file supported \nMaximum size %@ MB","PDF, JPG, and PNG file supported \nMaximum size %@ MB"
Work Permit,label,file_upload,Files Uploaded,Files Uploaded
Work Permit,label,no_file_upload,No file uploaded,No file uploaded
Work Permit,label,file_size,File size: %@ MB,File size: %@ MB
Work Permit,label,important_non,Important \n• Passport must have at least 6 months remaining validity.,Important \n• Passport must have at least 6 months remaining validity.
Work Permit,label,age_warning_long,Your age is below 20. Please recheck your Date of birth as the law require at least age of 20 to be able to trade.,Your age is below 20. Please recheck your Date of birth as the law require at least age of 20 to be able to trade.
Work Permit,label,age_warning_short,Your age is below 20.,Your age is below 20.
eKYC Infomation,label,page_title,Personal Information,Personal Information
eKYC Infomation,button,next,Next,Next
eKYC Infomation,label,subpage_title,Please make sure the info matches your ID card,Please make sure the info matches your ID card
eKYC Infomation,label,title_name_th,Title Name (Thai),Title Name (Thai)
eKYC Infomation,placeholder,title_name_th,Please select title name,Please select title name
eKYC Infomation,label,fname_th,First Name (Thai),First Name (Thai)
eKYC Infomation,placeholder,fname_th,Please select firstname,Please select firstname
eKYC Infomation,label,mname_th,Middle Name (Thai),Middle Name (Thai)
eKYC Infomation,placeholder,mname_th,Please select middle name,Please select middle name
eKYC Infomation,label,lname_th,Last Name (Thai),Last Name (Thai)
eKYC Infomation,placeholder,lname_th,Please select last name,Please select last name
eKYC Infomation,label,title_name_en,Title Name (Eng),Title Name (Eng)
eKYC Infomation,placeholder,title_name_en,Please select title name,Please select title name
eKYC Infomation,label,fname_en,First Name (Eng),First Name (Eng)
eKYC Infomation,placeholder,fname_en,Please select firstname,Please select firstname
eKYC Infomation,label,mname_en,Middle Name (Eng),Middle Name (Eng)
eKYC Infomation,placeholder,mname_en,Please select middle name,Please select middle name
eKYC Infomation,label,lname_en,Last Name (Eng),Last Name (Eng)
eKYC Infomation,placeholder,lname_en,Please select last name,Please select last name
eKYC Infomation,label,date_of_birth,Date of Birth,Date of Birth
eKYC Infomation,placeholder,date_of_birth,Please select date of birth,Please select date of birth
eKYC Infomation,label,idcard,ID Card Number,ID Card Number
eKYC Infomation,placeholder,idcard,Please input ID Card Number,Please input ID Card Number
eKYC Infomation,label,laser_code,Laser Code,Laser Code
eKYC Infomation,placeholder,laser_code,Please input laser code,Please input laser code
eKYC Infomation,label,date_of_issue,Date of Issue,Date of Issue
eKYC Infomation,placeholder,date_of_issue,Please input Date of Issue,Please input Date of Issue
eKYC Infomation,label,date_of_issue,Date of Expire,Date of Expire
eKYC Infomation,placeholder,date_of_issue,Please input Date of Expire,Please input Date of Expire
eKYC Infomation,label,age_warning_long,Your age is below 20. Please recheck your Date of birth as the law require at least age of 20 to be able to trade.,Your age is below 20. Please recheck your Date of birth as the law require at least age of 20 to be able to trade.
eKYC Infomation,label,age_warning_short,Your age is below 20.,Your age is below 20.
eKYC Infomation,label,fname_fr,First Name,First Name
eKYC Infomation,placeholder,fname_fr,Please select firstname,Please select firstname
eKYC Infomation,label,mname_fr,Middle Name,Middle Name
eKYC Infomation,placeholder,mname_fr,Please select middle name,Please select middle name
eKYC Infomation,label,lname_fr,Last Name,Last Name
eKYC Infomation,placeholder,lname_fr,Please select last name,Please select last name
eKYC Infomation,label,subpage_passport_title,Please make sure the info matches your passport,Please make sure the info matches your passport
eKYC Infomation,label,passport,Passport Number,Passport Number
eKYC Infomation,placeholder,passport,Please input Passport Number,Please input Passport Number
eKYC Infomation,label,nationality,Nationality,Nationality
eKYC Infomation,placeholder,nationality,Please select Nationality,Please select Nationality
NDID,label,page_title,Identity Verification via NDID,Identity Verification via NDID
NDID,label,subpage_title,Terms and Conditions,Terms and Conditions
NDID,button,scroll_to_bottom,Scroll down to the bottom,Scroll down to the bottom
NDID,label,accept_check,I accept the Terms & Conditions of NDID,I accept the Terms & Conditions of NDID
NDID,button,cancel,Cancel,Cancel
NDID,button,submit,Submit,Submit
NDID,label,bank_subpage_title,Please choose Identity Provider that you have already registered and have a mobile application ready for identity authentication.,Please choose Identity Provider that you have already registered and have a mobile application ready for identity authentication.
NDID,label,registered_section_title,The identity providers that you have already register and ready to use.,The identity providers that you have already register and ready to use.
NDID,label,other_section_title,Choose the other identity providers.,Choose the other identity providers.
NDID,label,bank_confirm_title,Are you sure you want to choose this Identity Provider?,Are you sure you want to choose this Identity Provider?
NDID,label,bank_confirm_desc,"By clicking confirm, you will be redirected to this provider’s application","By clicking confirm, you will be redirected to this provider’s application"
General,button,cancel,Cancel,Cancel
General,button,confirm,Confirm,Confirm
General,button,done,Done,Done
NDID,label,deny_title,Are you sure you want to deny NDID terms & conditions?,Are you sure you want to deny NDID terms & conditions?
NDID,label,deny_desc,"Should you not accept the terms & conditions, you would not be able to continue your identity verification process.","Should you not accept the terms & conditions, you would not be able to continue your identity verification process."
NDID,label,deny_reason,Please tell us the reason,Please tell us the reason
NDID,placeholder,deny_reason,Your reason,Your reason
NDID Waiting,label,page_title,Verifying Identity,Verifying Identity
NDID Waiting,label,subpage_title,Confirm at the mobile application of the identity provider you chose,Confirm at the mobile application of the identity provider you chose
NDID Waiting,label,subpage_desc,You are verifying your identity for the purpose of Cryptoplat and requiring to submit information from [%@],You are verifying your identity for the purpose of Cryptoplat and requiring to submit information from [%@]
NDID Waiting,label,tx_ref,(Transaction ref: %@).,(Transaction ref: %@).
NDID Waiting,label,verify_desc,Please Verify your identification at %@ Mobile application within 60 minutes and return to continue your transaction here,Please Verify your identification at %@ Mobile application within 60 minutes and return to continue your transaction here
NDID Waiting,label,timeout_subpage_title,"Sorry, you didn’t finish the \nprocess within the time limit","Sorry, you didn’t finish the \nprocess within the time limit"
NDID Waiting,label,timeout_subpage_desc,Please go back and redo the \nprocess to continue,Please go back and redo the \nprocess to continue
General,button,back,Back,Back
General,button,edit,Edit,แก้ไข
General,label,unknown_title,Unknown,ไม่สามารถระบุได้
NDID Info,label,page_title,Personal Information,Personal Information
NDID Info,label,subpage_title,Please make sure the info matches your ID card,Please make sure the info matches your ID card
NDID Info,label,title_name_th,Title Name (Thai),Title Name (Thai)
NDID Info,placeholder,title_name_th,Please select title name,Please select title name
NDID Info,label,fname_th,First Name (Thai),First Name (Thai)
NDID Info,placeholder,fname_th,Please select firstname,Please select firstname
NDID Info,label,mname_th,Middle Name (Thai),Middle Name (Thai)
NDID Info,placeholder,mname_th,Please select middle name,Please select middle name
NDID Info,label,lname_th,Last Name (Thai),Last Name (Thai)
NDID Info,placeholder,lname_th,Please select last name,Please select last name
NDID Info,label,title_name_en,Title Name (Eng),Title Name (Eng)
NDID Info,placeholder,title_name_en,Please select title name,Please select title name
NDID Info,label,fname_en,First Name (Eng),First Name (Eng)
NDID Info,placeholder,fname_en,Please select firstname,Please select firstname
NDID Info,label,mname_en,Middle Name (Eng),Middle Name (Eng)
NDID Info,placeholder,mname_en,Please select middle name,Please select middle name
NDID Info,label,lname_en,Last Name (Eng),Last Name (Eng)
NDID Info,placeholder,lname_en,Please select last name,Please select last name
NDID Info,label,date_of_birth,Date of Birth,Date of Birth
NDID Info,placeholder,date_of_birth,Please select date of birth,Please select date of birth
NDID Info,label,idcard,ID Card Number,ID Card Number
NDID Info,placeholder,idcard,Please input ID Card Number,Please input ID Card Number
NDID Info,label,laser_code,Laser Code,Laser Code
NDID Info,placeholder,laser_code,Please input laser code,Please input laser code
NDID Info,label,date_of_issue,Date of Issue,Date of Issue
NDID Info,placeholder,date_of_issue,Please input Date of Issue,Please input Date of Issue
NDID Info,label,date_of_issue,Date of Expire,Date of Expire
NDID Info,placeholder,date_of_issue,Please input Date of Expire,Please input Date of Expire
Address Info,label,page_title,Personal Information,Personal Information
Address Info,label,idcard_section_title,Address in ID card,Address in ID card
Address Info,label,address_line,"Address (House No., Building, Street)","Address (House No., Building, Street)"
Address Info,placeholder,address_line,"Please input Address (House No., Building, Street)","Please input Address (House No., Building, Street)"
Address Info,label,province,Province,Province
Address Info,placeholder,province,Please select Province,Please select Province
Address Info,label,district,District,District
Address Info,placeholder,district,Please select District,Please select District
Address Info,label,sub_district,Sub District,Sub District
Address Info,placeholder,sub_district,Please select Sub District,Please select Sub District
Address Info,label,postal_code,Postal code,Postal code
Address Info,placeholder,postal_code,Please input Address Postal code,Please input Address Postal code
Address Info,label,current_address_section_title,Current Address,Current Address
Address Info,label,diff_from_id_card,Different from ID card,Different from ID card
Address Info,label,home_country_section_title,Address in vour home country,Address in vour home country
Address Info,label,city,City,City
Address Info,placeholder,city,Your City,Your City
Address Info,label,state,State or Province,State or Province
Address Info,placeholder,state,Your State or Province,Your State or Province
Address Info,label,zipcode,Zip Code or Postal Code,Zip Code or Postal Code
Address Info,placeholder,zipcode,Your Zip Code or Postal Code,Your Zip Code or Postal Code
Address Info,label,country,Country,Country
Address Info,placeholder,country,Select your Country,Select your Country
Address Info,label,thai_address_section_title,Address in Thailand,Address in Thailand
Address Info,label,work_in_thai,work in Thailand and have the address,work in Thailand and have the address
Work Info,label,page_title,Personal Information,Personal Information
Work Info,label,education_section_title,Education,Education
Work Info,label,education_level,Education Level,Education Level
Work Info,placeholder,education_level,Select Education Level,Select Education Level
Work Info,label,occupation_section_title,Occupation Details,Occupation Details
Work Info,label,employment_status,Your Employment Status,Your Employment Status
Work Info,placeholder,employment_status,Select Employment Status,Select Employment Status
Work Info,label,occupation,Your Occupation,Your Occupation
Work Info,placeholder,occupation,Select your occupation,Select your occupation
Work Info,label,company_name,Company Name,Company Name
Work Info,placeholder,company_name,Company Name,Company Name
Work Info,label,company_country,Company Country,Company Country
Work Info,placeholder,company_country,Select company country,Select company country
Work Info,label,income_section_title,Your Income Per Month,Your Income Per Month
Work Info,placeholder,income,Select a Range of Your Income,Select a Range of Your Income
Work Info,label,phone_number,Phone Number,Phone Number
Work Info,placeholder,phone_number,Please input Phone Number,Please input Phone Number
Additional Info,label,page_title,Additional Info,Additional Info
Additional Info,label,country_income_source,Country of Source of Income,Country of Source of Income
Additional Info,placeholder,country_income_source,Please select Country of Source of Income,Please select Country of Source of Income
Additional Info,label,income_source,Source of Income,Source of Income
Additional Info,label,income_source_remark,(You may select more than one),(You may select more than one)
Additional Info,placeholder,please_specify,please specify,please specify
Additional Info,label,net_asset_value,Estimated Net Asset Value,Estimated Net Asset Value
Additional Info,label,purpose_of_invest,Purpose of Investment,Purpose of Investment
Additional Info,label,ultimate_beneficiary,Ultimate Beneficiary,Ultimate Beneficiary
Additional Info,option,myself,Myself,Myself
Additional Info,option,someone_else,Someone else,Someone else
Additional Info,label,ub_fname,First Name,First Name
Additional Info,placeholder,ub_fname,Please input First Name,Please input First Name
Additional Info,label,ub_lname,Last Name,Last Name
Additional Info,placeholder,ub_lname,Please input Last Name,Please input Last Name
Additional Info,label,ub_relation,Relationship,Relationship
Additional Info,placeholder,ub_relation,Please select Relationship,Please select Relationship
Recheck Info,label,page_title,Are These Details Correct?,Are These Details Correct?
Recheck Info,label,subpage_title,Your Personal Info,Your Personal Info
Recheck Info,label,fullname_th,Full Name Thai,Full Name Thai
Recheck Info,label,fullname_en,Full Name Eng,Full Name Eng
Recheck Info,label,date_of_birth,Date of Birth,Date of Birth
Recheck Info,label,idcard,ID Card Number,ID Card Number
Recheck Info,label,email,Email Address,Email Address
Recheck Info,label,phone_number,Phone Number,Phone Number
Recheck Info,label,idcard_address,Address in ID Card,Address in ID Card
Recheck Info,label,current_address,Current Address,Current Address
Recheck Info,label,education_level,Education Level,Education Level
Recheck Info,label,employment_status,Employment Status,Employment Status
Recheck Info,label,occupation,Occupation,Occupation
Recheck Info,label,company_name,Company Name,Company Name
Recheck Info,label,work_address,Work Address,Work Address
Recheck Info,label,income_per_month,Income Per Month,Income Per Month
Recheck Info,label,country_income_source,Country of Source of Income,Country of Source of Income
Recheck Info,label,source_of_income,Source of Income,Source of Income
Recheck Info,label,net_asset_value,Estimated Net Asset Value,Estimated Net Asset Value
Recheck Info,label,purpose_of_invest,Purpose of Investment,Purpose of Investment
Recheck Info,label,ultimate_beneficiary,Ultimate Beneficiary,Ultimate Beneficiary
Recheck Info,label,checkbox,I hereby certify that the information and documents submitted to cryptoplat are correct and true. and I agree Consent includes giving permission to all required conditions.,ข้าพเจ้าขอรับรองว่าข้อมูลและเอกสารที่ได้ส่งให้แก่ทาง cryptoplat ถูกต้องและเป็นความจริง และข้าพเจ้าตกลงให้ ความยินยอมรวมถึงให้การอนุญาตตามเงื่อนไขที่กำหนดทั้งหมด
Recheck Info,label,passport_no,Passport Number,Passport Number
Recheck Info,label,address_home_country,Address in your home country,Address in your home country
Recheck Info,label,address_in_thailand,Address in Thailand,Address in Thailand
Registered Success,label,subpage_title,You have successfully\nverified your identity.,You have successfully\nverified your identity.
Registered Success,label,desc,The result will be sent to your \nregistered email within 24 hours.,The result will be sent to your \nregistered email within 24 hours.
Registered Success,label,next_step,Next step:,Next step:
Registered Success,label,take_suite_test,Take the investment suitability test.,Take the investment suitability test.
Suite Test,label,page_title,Suitability Test,Suitability Test
Suite Test,label,desc,"Next, please complete suitability test. \nYou will not be able to start trading if \nyou do not complete the test.","Next, please complete suitability test. \nYou will not be able to start trading if \nyou do not complete the test."
Suite Test,label,estimate_time,( The test will take around 5 minutes ),( The test will take around 5 minutes )
General,button,start,Start,Start
General,button,please_wait,Please Wait...,Please Wait...
Suite Test,label,result_subpage_title,Your risk tolerance \nassessment result,Your risk tolerance \nassessment result
Suite Test,label,result_risk_is,Your risk tolerance level is,Your risk tolerance level is
Knowledge Test,label,page_title,Crypto Knowledge,Crypto Knowledge
Knowledge Test,label,subpage_title,Crypto knowledge \nAssessment,Crypto knowledge \nAssessment
Knowledge Test,label,desc,You need to pass the test to ensure you fully understand about the potential risk of cryptocurrency. You will not be able to start trading if you do not complete the test.,You need to pass the test to ensure you fully understand about the potential risk of cryptocurrency. You will not be able to start trading if you do not complete the test.
Knowledge Test,label,estimate_time,( The test will take around 5 - 10 minutes ),( The test will take around 5 - 10 minutes )
Knowledge Test,label,question_nav,Question %@ of %@,Question %@ of %@
Knowledge Test,label,explanation,Explanation:,Explanation:
Knowledge Test,label,command,Please select the correct answer,Please select the correct answer
Knowledge Test,label,success_title,Congratulations! \nYou passed the test,Congratulations! \nYou passed the test
Knowledge Test,label,success_desc,You have passed Crypto Knowledge test. You can now start trading!,You have passed Crypto Knowledge test. You can now start trading!
Security,label,page_title,Security,ความปลอดภัย
Security,menu,change_password,Change password,เปลี่ยนรหัสผ่าน
Security,menu,two_factor_auth,2-Factor Authentication,การยืนยันตัวตนแบบ 2 ชั้น
Security,menu,device_manager,Device Management,จัดการอุปกรณ์
Security,menu,account_activity,Account activity,กิจกรรมของผู้ใช้
Security,label,inactive,Inactive,ปิด
Security,label,active,Active,เปิดใช้งาน
Settings,label,page_title,Settings,การตั้งค่า
Settings,menu,language,Language,ภาษา
Settings,menu,notifications,Notifications,แจ้งเตือน
Settings,label,english_lang,English,English
Settings,label,thai_lang,ภาษาไทย,ภาษาไทย
Settings,menu,allow_marketing,Allow marketing,ยินยอมให้การตลาด
Settings,label,allow_marketing_desc,Cryptoplat may share usage data to 3rd party ad platforms to help improve our targeting and marketing quality.,คริปโตแพลต อาจแชร์ข้อมูลการใช้งานไปยังแพลตฟอร์มโฆษณาของบุคคลที่สามเพื่อช่วยปรับปรุงการเล็งเป้าหมายและคุณภาพการตลาดของเรา
Settings,label,notification_page_title,Notification Settings,ตั้งค่าการแจ้งเตือน
Settings,menu,operation_noti,Operational Notifications,การแจ้งเตือนการดำเนินการ
Settings,menu,tx_risk_noti,Transaction Risk Notifications,การแจ้งเตือนเกี่ยวกับความเสี่ยงในการทำธุรกรรม
Settings,label,email_push_noti,Email Push Notifications,การแจ้งเตือนผ่านอีเมล
Settings,menu,marketing_campaigns,Marketing Campaigns,แคมเปญการตลาด
Settings,label,marketing_campaigns_info,Margin call and forced liquidation notifications will be sent to you. These notifications cannot be turned off to ensure that you receive them in a timely manner.,คุณจะได้รับการแจ้งเตือนเกี่ยวกับการเรียกเพิ่มเงินประกันและการขายบังคับ การแจ้งเตือนเหล่านี้ไม่สามารถปิดได้เพื่อให้แน่ใจว่าคุณได้รับในเวลาที่เหมาะสม
Settings,label,help_and_support_page_title,Help & Support,ช่วยเหลือ
NDID Error,label,401_title,Response from IdP,Your request has been rejected
NDID Error,label,401_description,Your request has been rejected,คำขอถูกปฏิเสธ กรุณาติดต่อผู้ให้บริการที่เลือก
NDID Error,label,30000_title,Response from IdP,The Identity Provider you choose is currently unavailable. Please retry or select another IdP.
NDID Error,label,30000_description,The Identity Provider you choose is currently unavailable. Please retry or select another IdP.,ผู้ให้บริการยืนยันตัวตนที่ท่านเลือกไม่สามารถให้บริการได้ในขณะนี้ กรุณาทำรายการใหม่หรือเลือกผู้ให้บริการยืนยันตัวตนรายอื่น
NDID Error,label,30200_title,Invalid ID,"Sorry, your request cannot be proceeded. Please check your citizen ID and retry or select another IdP."
NDID Error,label,30200_description,"Sorry, your request cannot be proceeded. Please check your citizen ID and retry or select another IdP.",ไม่สามารถทำรายการได้ในขณะนี้กรุณาตรวจสอบเลขบัตรประชาชนของท่านและทำรายการใหม่ หรือเลือกผู้ให้บริการยืนยันตัวตนรายอื่น
NDID Error,label,30300_title,ID not found,"Sorry, your information could not be found. Please select another Identity Provider that you have been registered and have a mobile application activated."
NDID Error,label,30300_description,"Sorry, your information could not be found. Please select another Identity Provider that you have been registered and have a mobile application activated.",ไม่พบข้อมูลของท่านในฐานข้อมูลผู้ใช้บริการของผู้ให้บริการยืนยันตัวตนที่ท่านเลือก กรุณาเลือกผู้ให้บริการยืนยันตัวตนรายอื่นที่ท่านเคยลงทะเบียนและมีโมบายแอปพลิเคชัน
NDID Error,label,30400_title,Invalid IAL,You select Identity Provider (IdP) that your information is not up-to-date. Kindly contact that IdP for update later. You may select another IdP.
NDID Error,label,30400_description,You select Identity Provider (IdP) that your information is not up-to-date. Kindly contact that IdP for update later. You may select another IdP.,ขออภัย ข้อมูลของท่านไม่เป็นปัจจุบัน กรุณาติดต่อผู้ให้บริการยืนยันตัวตนที่ท่านเลือกเพื่ออัปเดทข้อมูล หรือเลือกผู้ให้บริการยืนยันตัวตนรายอื่น
NDID Error,label,30500_title,Failed authentication,"Identity authentication fails due to invalid PIN, or incorrect Selfie Photo. Please retry or select another IdP."
NDID Error,label,30500_description,"Identity authentication fails due to invalid PIN, or incorrect Selfie Photo. Please retry or select another IdP.","การยืนยันตัวตนไม่สeเร็จเนื่องจากท่านระบุ PIN ผิด, ภาพถ่ายไม่ชัดเจน กรุณาทำรายการใหม่ หรือเลือกผู้ให้บริการยืนยันตัวตนรายอื่น"
NDID Error,label,30510_title,Failed authentication : Invalid PIN / Password,Identity authentication fails due to Invalid PIN/Password. Please retry or select another IdP.
NDID Error,label,30510_description,Identity authentication fails due to Invalid PIN/Password. Please retry or select another IdP.,การยืนยันตัวตนไม่สำเร็จเนื่องจากท่านระบุ PIN/Password ไม่ ถูกต้อง กรุณาทำรายการใหม่ หรือเลือกผู้ให้บริการยืนยันตัวตนรายอื่น
NDID Error,label,30520_title,Failed authentication : Invalid FR,Identity authentication fails due to incorrect Face Recognition. Please retry or select another IdP.
NDID Error,label,30520_description,Identity authentication fails due to incorrect Face Recognition. Please retry or select another IdP.,การยืนยันตัวตนไม่สำเร็จเนื่องจากท่านยืนยันตัวตนด้วยระบบจดจำใบหน้า (Face Recognition) ไม่ผ่านตามเงื่อนไขที่ก าหนด กรุณาทำรายการใหม่ หรือเลือกผู้ให้บริการยืนยันตัวตนรายอื่น
NDID Error,label,30530_title,Failed authentication : unregistered device / invalid OTP,Identity authentication fails due to Invalid OTP. Please retry or select another Identity Provider.
NDID Error,label,30530_description,Identity authentication fails due to Invalid OTP. Please retry or select another Identity Provider.,การยืนยันตัวตนไม่สำเร็จเนื่องจากท่านระบุรหัส OTP ไม่ถูกต้อง กรุณาทำรายการใหม่ หรือเลือกผู้ให้บริการยืนยันตัวตนรายอื่น
NDID Error,label,30600_title,Cancel by User,Authentication fails due to your cancelling your identity authentication at Identity Provider’s Mobile App. Please select another Identity Provider.
NDID Error,label,30600_description,Authentication fails due to your cancelling your identity authentication at Identity Provider’s Mobile App. Please select another Identity Provider.,การยืนยันตัวตนไม่สำเร็จ เนื่องจากท่านได้ยกเลิกรายการยืนยันตัวตนที่โมบายแอปพลิเคชันของผู้ให้บริการยืนยันตัวตน กรุณาเลือกผู้ให้บริการยืนยันตัวตนรายอื่น
NDID Error,label,30610_title,Cancel by User : Refuse T&C,Your identity authentication fails because you do not accept the terms of service of the Identity Provider that you have selected. Please retry or select another Identity Provider.
NDID Error,label,30610_description,Your identity authentication fails because you do not accept the terms of service of the Identity Provider that you have selected. Please retry or select another Identity Provider.,การยืนยันตัวตนไม่สำเร็จ เนื่องจากท่านไม่ได้ยอมรับเงื่อนไขการให้บริการยืนยันตัวตนของผู้ให้บริการยืนยันตัวตนที่ท่านเลือก กรุณาทำรายการใหม่ หรือเลือกผู้ให้บริการยืนยันตัวตนรายอื่น
NDID Error,label,30700_title,Cancel by IdP,Your identity authentication fails due to unavailable Identity Provider at the moment. Please retry and select another IdP.
NDID Error,label,30700_description,Your identity authentication fails due to unavailable Identity Provider at the moment. Please retry and select another IdP.,การยืนยันตัวตนไม่สำเร็จ เนื่องจากผู้ให้บริการยืนยันตัวตนที่ท่านเลือกไม่สามารถให้บริการได้ในขณะนี้ กรุณาทำรายการใหม่ หรือเลือกผู้ให้บริการยืนยันตัวตนรายอื่น
NDID Error,label,30800_title,Unenrolled User,You have not registered NDID Service and accepted T&C. Please complete before proceeding the transaction.
NDID Error,label,30800_description,You have not registered NDID Service and accepted T&C. Please complete before proceeding the transaction.,ท่านยังไม่ได้ลงทะเบียนและยอมรับเงื่อนไขการใช้บริการ NDID ที่โมบายแอปพลิเคชันของผู้ให้บริการยืนยันตัวตน กรุณาดำเนินการก่อนทำรายการ
NDID Error,label,30900_title,IdP out of Service,Cannot proceed the requestat the moment due to out of [IdP] service hours. Please select another IdP.
NDID Error,label,30900_description,Cannot proceed the requestat the moment due to out of [IdP] service hours. Please select another IdP.,ไม่สามารถทำรายการได้ในขณะนี้ เนื่องจากอยู่นอกเวลาการให้บริการของ [IdP] กรุณาเลือกผู้ให้บริการยืนยันตัวตนรายอื่น
NDID Error,label,40000_title,AS cannot identify error,"Sorry, your request cannot be proceeded at the moment. Please try again or contact Call center."
NDID Error,label,40000_description,"Sorry, your request cannot be proceeded at the moment. Please try again or contact Call center.",ขออภัย ท่านไม่สามารถทำรายการได้ในขณะนี้ กรุณาทำรายการใหม่ หรือติดต่อ Call center
NDID Error,label,40200_title,Invalid ID,"Sorry, unable to proceed due to incorrect citizen ID number. Please try again."
NDID Error,label,40200_description,"Sorry, unable to proceed due to incorrect citizen ID number. Please try again.",ขออภัย ไม่สามารถดำเนินการต่อได้เนื่องจากท่านใส่เลขบัตร ประชาชนไม่ถูกต้อง กรุณาทำรายการใหม่อีกครั้ง
NDID Error,label,40300_title,ID not found,"Sorry, the request cannot be proceeded. Please contact Call center."
NDID Error,label,40300_description,"Sorry, the request cannot be proceeded. Please contact Call center.",ขออภัย ไม่สามารถดำเนินการต่อได้ กรุณาติดต่อ Call center
NDID Error,label,40400_title,Invalid data,"Sorry, unable to proceed due to incorrect information. Please retry or contact Call center."
NDID Error,label,40400_description,"Sorry, unable to proceed due to incorrect information. Please retry or contact Call center.",ขออภัย ไม่สามารถดำเนินการต่อได้เนื่องจากข้อมูลไม่ถูกต้อง กรุณาทำรายการใหม่อีกครั้ง หรือติดต่อ Call center
NDID Error,label,40500_title,Invalid RP,"Sorry, the request cannot be proceeded. Please contact Call center."
NDID Error,label,40500_description,"Sorry, the request cannot be proceeded. Please contact Call center.",ขออภัย ไม่สามารถดำเนินการต่อได้ กรุณาติดต่อ Call center
NDID Error,label,1000_title,Unknown error,Unknown error
NDID Error,label,1000_description,We can't process your request at this time. Please try again later.,ไม่สามารถดำเนินการได้ในขณะนี้ กรุณาลองใหม่อีกครั้งในภายหลัง
General,button,buy,Buy,ซื้อ
General,button,sell,Sell,ขาย
Dealer,label,main_page_title,Buy or Sell Crypto,Buy or Sell Crypto
Dealer,label,withdraw_method,Withdrawal Method,Withdrawal Method
Dealer,button,counter_service_title,Receive at Counter Services,Receive at Counter Services
Dealer,button,counter_service_desc,You can receive money from the sell of cryptocurrencies at a convenient Counter Services branch in the next step.,You can receive money from the sell of cryptocurrencies at a convenient Counter Services branch in the next step.
Dealer,button,on_wallet_title,Receive on your wallet,Receive on your wallet
Dealer,button,on_wallet_desc,"After you have successfully sold your cryptocurrencies, the money will be transferred to your balance THB wallet.","After you have successfully sold your cryptocurrencies, the money will be transferred to your balance THB wallet."
Dealer,label,current_step,Step %@ out of %@,Step %@ out of %@
Dealer,label,create_order_step,Create order %@,Create order %@
Dealer,label,select_branch_title,Select Branch,Select Branch
Dealer,label,select_branch_step,Select Branch to Cashout,Select Branch to Cashout
Dealer,label,verify_ident_step,Verify your identity,Verify your identity
Dealer,label,your_order_title,Your Order,Your Order
Dealer,label,confirm_order_step,Confirm Your Order,Confirm Your Order
Dealer,label,spend,Spend,Spend
Dealer,label,balance_amount,Balance:,Balance:
Dealer,label,receive,Receive,Receive
Dealer,label,limit_per_visit,*Limit %@ per visit,*Limit %@ per visit
Dealer,label,tx_fee_amount,Transaction Fees %@,Transaction Fees %@
Dealer,label,exchange_rate_will_change_remark,The actual exchange rate will be recalculated at the counter service.,The actual exchange rate will be recalculated at the counter service.
Dealer,label,cash_balance_amount,Cash Balance:,Cash Balance:
Dealer,label,confirm_title,Confirm,Confirm
Dealer,label,rate,Rate,Rate
Dealer,label,inverse_rate,Inverse Rate,Inverse Rate
Dealer,label,tx_fee,Transaction Fees,Transaction Fees
Dealer,label,you_will_receive,You will receive,You will receive
Dealer,button,confirm_in_sec,Confirm (%@ seconds),Confirm (%@ seconds)
Dealer,label,insufficient_balance,Your account has insufficient balance.\nPlease fund your account.,Your account has insufficient balance.\nPlease fund your account.
Dealer,label,rate_has_changed,The current rate has been changed.\nPlease refresh the quote.,The current rate has been changed.\nPlease refresh the quote.
Dealer,button,refresh_rate,Refresh Quote,Refresh Quote
Dealer,label,success_verify_ident,Successfully verified identity,Successfully verified identity
Dealer,label,success_verify_ident_desc,Your documents have been reviewed and your identity has been successfully verified.\n\nYou can proceed to the next step.,Your documents have been reviewed and your identity has been successfully verified.\n\nYou can proceed to the next step.
Dealer,label,cancel_order_title,Do you want to cancel the order?,Do you want to cancel the order?
Dealer,label,cancel_order_desc,"If you wish to cancel the order, you can select the 'Confirm Cancel Order' button to make a new transaction.\nNote that you can cancel orders up to 5 times per day. If the limit is exceeded, the system will lock you out of using this feature.","If you wish to cancel the order, you can select the 'Confirm Cancel Order' button to make a new transaction.\nNote that you can cancel orders up to 5 times per day. If the limit is exceeded, the system will lock you out of using this feature."
Dealer,button,continue_process,Continue on Process,Continue on Process
Dealer,button,confirm_cancel_order,Confirm Cancel Order,Confirm Cancel Order
Dealer,label,insufficient_branch_title,Insufficient Funds at Branch,Insufficient Funds at Branch
Dealer,label,insufficient_branch_desc,"Sorry, the branch you selected doesn't have enough funds for the exchange. Feel free to choose another one. :)","Sorry, the branch you selected doesn't have enough funds for the exchange. Feel free to choose another one. :)"
Dealer,button,submit,Submit,Submit
Dealer,label,order_complete_title,Complete,Complete
Dealer,label,order_complete_desc,Your order was complete.,Your order was complete.
Dealer,label,filled_with_symbol,Filled (%@),Filled (%@)
Dealer,label,price_with_symbol,Price (%@),Price (%@)
Dealer,label,fee_with_symbol,Fee (%@),Fee (%@)
Dealer,label,total_with_symbol,Total (%@),Total (%@)
Dealer,label,branch_open_time,Open : %@,Open : %@
Dealer,button,open_map,Directions : Open Map,Directions : Open Map
Dealer,label,few_customers,Few customers,Few customers
Dealer,label,many_customers,Many customers,Many customers
Dealer,label,please_scan_qr,Please Scan QR Code on the counter services.,Please Scan QR Code on the counter services.
Dealer,label,wait_for_process_title,Waiting for Process,Waiting for Process
Dealer,label,verify_desc_first,Verify your identity with the branch staff.  Please prepare the following documents for withdrawing money at the branch:,Verify your identity with the branch staff.  Please prepare the following documents for withdrawing money at the branch:
Dealer,label,verify_desc_second,1. Original passport\n2. Work permit,1. Original passport\n2. Work permit
Dealer,label,verify_desc_third,And bring the mobile phone you used for the withdrawal transaction to complete the process at the service point.,And bring the mobile phone you used for the withdrawal transaction to complete the process at the service point.
Dealer,button,cancel_order,Cancel Order,Cancel Order
Dealer,label,tx_will_auto_cancel,The transaction will be automatically cancelled at the end of the day.,The transaction will be automatically cancelled at the end of the day.
Dealer,label,from_to,%@ to %@,%@ to %@
Dealer,label,select_coin,Select Coin,เลือกเหรียญ
Bank Account,label,page_title,Bank Account,Bank Account
Bank Account,button,add_bank_acc,+  Add bank account,+  Add bank account
Bank Account,label,select_bank_title,Select A Bank,Select A Bank
Bank Account,placeholder,select_bank_placeholder,Select a bank,Select a bank
Bank Account,label,acc_name_title,Account Name,Account Name
Bank Account,placeholder,acc_name_placeholder,Account name,Account name
Bank Account,label,acc_no_title,Account Number,Account Number
Bank Account,placeholder,acc_no_placeholder,Account number,Account number
Bank Account,label,file_uploaded,Files Uploaded,Files Uploaded
Bank Account,label,no_file,No file uploaded,No file uploaded
Bank Account,label,failed_to_upload_title,Failed to upload image,Failed to upload image
Bank Account,label,failed_to_upload_desc,File size must be no more than %@ MB,File size must be no more than %@ MB
Bank Account,button,add,Add,Add
Bank Account,label,bank_acc_limit_exceed_title,Bank Account Limit Exceeded,Bank Account Limit Exceeded
Bank Account,label,bank_acc_limit_exceed_desc,You can add no more than 10 bank accounts per user. Please remove any unnecessary accounts before adding  a new one.,You can add no more than 10 bank accounts per user. Please remove any unnecessary accounts before adding  a new one.
Bank Account,label,bank_acc_has_been_added_title,Bank account has been added,Bank account has been added
Bank Account,label,bank_acc_has_been_added_desc,Your account will be available of use after reviewing which will take no longer than 24 hour.,Your account will be available of use after reviewing which will take no longer than 24 hour.
Bank Account,label,bank_acc_already_added_title,This bank account has already been added,This bank account has already been added
Bank Account,label,bank_acc_already_added_desc,"We're sorry, but the bank account you are trying to add has already been associated your account. Please review your existing bank account settings to ensure accuracy.","We're sorry, but the bank account you are trying to add has already been associated your account. Please review your existing bank account settings to ensure accuracy."
Bank Account,label,bank_acc_not_exist_title,Bank account does not exist,Bank account does not exist
Bank Account,label,bank_acc_not_exist_desc,Please ensure that you have linked a valid bank account to your profile.,Please ensure that you have linked a valid bank account to your profile.
Bank Account,label,delete_file_confirm_title,Are you sure you want to delete this file or image?,Are you sure you want to delete this file or image?
Bank Account,label,delete_file_confirm_desc,"Please note that file or image deletion is irreversible. Once deleted, you will not be able to access it.","Please note that file or image deletion is irreversible. Once deleted, you will not be able to access it."
Bank Account,button,delete,Delete,Delete
Bank Account,label,reviewing_message,In the process of reviewing your documents. You will  be notified once it has been approved.,In the process of reviewing your documents. You will  be notified once it has been approved.
Bank Account,label,verified,Verified,Verified
Bank Account,label,reviewing,Reviewing,Reviewing
Bank Account,label,rejected,Rejected,Rejected
Bank Account,button,make_primary,Make Primary,Make Primary
Bank Account,label,confirm_make_primary_title,Are you sure you want to make this account primary?,Are you sure you want to make this account primary?
Notification,label,page_title,Notifications,Notifications
Notification,button,all,All,All
Notification,button,system,System,System
Notification,button,transaction,Transaction,Transaction
Notification,button,announcement,Announcement,Announcement
Notification,label,today,Today,Today
Notification,label,previously,Previously,Previously
Notification,label,mark_all_as_read,Mark All As read,Mark All As read
Notification,label,clear_all,Clear All,Clear All
Notification,label,clear_all_dialog_title,Are you sure you want to clear all notifications?,Are you sure you want to clear all notifications?
Notification,label,clear_all_dialog_desc,"Once cleared, you will no longer be able to access them.","Once cleared, you will no longer be able to access them."
Notification,button,view_more,View more >,View more >
Change Password,label,page_title,Change password,Change password
Change Password,label,remark,"In order to protect your account, withdrawals, and payment services, will be disabled for 24 hours after you change your password.","In order to protect your account, withdrawals, and payment services, will be disabled for 24 hours after you change your password."
Change Password,label,old_password,Old password,Old password
Change Password,button,forgot_password,Forgot Password,Forgot Password
Change Password,label,password_incorrect,Your password is incorrect.,Your password is incorrect.
Change Password,label,new_password,New Password,New Password
Change Password,label,confirm_new_password,Confirm New Password,Confirm New Password
Change Password,label,confirm_new_password_placeholder,Please Confirm New Password,Please Confirm New Password
Change Password,label,require_title,Password Require:,Password Require:
Change Password,label,require_1,Use at least 8 characters,Use at least 8 characters
Change Password,label,require_2,Use at least 1 lowercase and 1 uppercase character,Use at least 1 lowercase and 1 uppercase character
Change Password,label,require_3,Use at least 1 number,Use at least 1 number
Change Password,label,require_4,Use at least 1 special character,Use at least 1 special character
Change Password,button,submit,Submit,Submit
Change Password,label,change_password_success,Change Password\nSuccessfully,Change Password\nSuccessfully
Change Password,label,recommend_msg,"Please note, we recommend leaving 2-factor authentication for added security.","Please note, we recommend leaving 2-factor authentication for added security."
General,button,close,Close,Close
Device Management,label,page_title,Device Management,Device Management
Device Management,label,page_desc,These are the devices currently allowed to access your account.,These are the devices currently allowed to access your account.
Device Management,label,delete_dialog_title,Are you sure you want to delete this device?,Are you sure you want to delete this device?
General,button,delete,Delete,Delete
Account Activity,label,page_title,Account Activity,Account Activity
Account Activity,label,user_agent,User Agent,User Agent
Account Activity,label,ip_address,IP address,IP address
Help And Support,label,page_title,Help & Support,Help & Support
Help And Support,label,search_title,Search our FAQ,Search our FAQ
Help And Support,label,search_placeholder,Search help articles,Search help articles
Verifications,label,page_title,Verifications,Verifications
Verifications,label,subpage_title,Identity Verification Required,Identity Verification Required
Verifications,label,subpage_desc,"To start trading and withdrawing and secure tour account, please complete these steps.","To start trading and withdrawing and secure tour account, please complete these steps."
Verifications,label,email_title,Email verification,Email verification
Verifications,label,email_desc,Verify your email for your account,Verify your email for your account
Verifications,label,identity_title,Identity Verification,Identity Verification
Verifications,label,identity_desc,Upload your ID card or passport to verify your identity. The uploaded document must be valid and not-expired.,Upload your ID card or passport to verify your identity. The uploaded document must be valid and not-expired.
Verifications,label,personal_info_title,Personal information,Personal information
Verifications,label,personal_info_desc,Enter your personal information to support your application for verification.,Enter your personal information to support your application for verification.
Verifications,label,suite_test_title,Suitability test,Suitability test
Verifications,label,suite_test_desc,"Take a quick survey to answer some questions about your experience with investments, your growth expectations and risk appetite.","Take a quick survey to answer some questions about your experience with investments, your growth expectations and risk appetite."
Verifications,label,knowledge_test_title,Knowledge test,Knowledge test
Verifications,label,knowledge_test_desc,"Take a quick survey to answer some questions about your experience with investments, your growth expectations and risk appetite.","Take a quick survey to answer some questions about your experience with investments, your growth expectations and risk appetite."
Verifications,button,edit,Edit Data,Edit Data
TwoFA,label,page_title,2-Factor Authentication,2-Factor Authentication
TwoFA,label,ga_title,Google Authenticator,Google Authenticator
TwoFA,label,ga_desc,Download and install the Google\nAuthenticator application on your device\nbefore installing the 2-FA code.,Download and install the Google\nAuthenticator application on your device\nbefore installing the 2-FA code.
TwoFA,label,or_click_here,Or click here:,Or click here:
TwoFA,button,ga_download,Download Google Authenticator,Download Google Authenticator
TwoFA,label,ga_footer_note,The code will be used when withdrawing\nand trading for safety issue.,The code will be used when withdrawing\nand trading for safety issue.
TwoFA,button,ready,"I’m ready, let’s start","I’m ready, let’s start"
TwoFA,label,add_cpt_to_ga_title,Add Cryptoplat into Google Authenticator,Add Cryptoplat into Google Authenticator
TwoFA,label,add_cpt_to_ga_desc,Copy and paste this setup key into google authenticator app or scan this QR code.,Copy and paste this setup key into google authenticator app or scan this QR code.
TwoFA,label,setup_key_title,Setup Key,Setup Key
TwoFA,label,setup_key_note,Please write down this code on your paper. This code can be used to restore 2FA in case your phone is lost.,Please write down this code on your paper. This code can be used to restore 2FA in case your phone is lost.
TwoFA,label,verify_complete_title,Verify and Complete,Verify and Complete
TwoFA,label,verify_complete_desc,Copy the code from your phone and click paste from clipboard,Copy the code from your phone and click paste from clipboard
General,button,copy,Copy,Copy
TwoFA,label,two_fa_enable_title,Your 2-FA Authentication has been enabled,Your 2-FA Authentication has been enabled
TwoFA,label,two_fa_enable_desc,Please maintain this authenticator application on your mobile device as you need to get a new secret key each time you login or withdraw.,Please maintain this authenticator application on your mobile device as you need to get a new secret key each time you login or withdraw.
TwoFA,label,incorrect_code,Your have entered an incorrect code.,Your have entered an incorrect code.
TwoFA,label,ga_activated_desc,Your 2-Factor Authentication has been activated with this mobile application,Your 2-Factor Authentication has been activated with this mobile application
TwoFA,button,disable_two_fa,Disable 2-FA,Disable 2-FA
TwoFA,label,disable_page_title,Disable 2-FA,Disable 2-FA
TwoFA,label,disable_first_desc,You will need to enter two 2-FA codes to disable 2-factor authentication. Please enter the first code.,You will need to enter two 2-FA codes to disable 2-factor authentication. Please enter the first code.
TwoFA,label,disable_second_desc,Please enter the second code.,Please enter the second code.
TwoFA,label,disable_remark,"Please note, we recommend leaving 2-factor authentication for added security.","Please note, we recommend leaving 2-factor authentication for added security."
TwoFA,label,disable_first_title,First 2-FA Code,First 2-FA Code
TwoFA,label,disable_second_title,Second 2-FA Code,Second 2-FA Code
TwoFA,label,disable_success_title,You have successfully disabled 2-FA Authentication,You have successfully disabled 2-FA Authentication
TwoFA,label,disable_success_desc,"Please note, we recommend leaving 2-factor authentication for added security.","Please note, we recommend leaving 2-factor authentication for added security."
